,left_index,left_middle,left_ring,left_pinky,image,right_index,right_middle,right_ring,right_pinky
0,"((1633.3494873046875, 399.31878662109375), (255.0318603515625, 281.4070129394531), 0.45835644006729126)","((1296.5, 230.5), (231.0, 305.0), 0.0)","((924.0, 314.0), (230.0, 296.0), 0.0)","((596.3860473632812, 623.3795166015625), (231.33607482910156, 259.2907409667969), 0.5070290565490723)",SITE1_032_handImaging_2020-12-02_20.49.05.jpg,"((820.4255981445312, 444.51409912109375), (296.4643249511719, 250.91815185546875), 86.97499084472656)","((1307.3519287109375, 259.35186767578125), (336.5745849609375, 244.22698974609375), 87.22083282470703)","((1674.1009521484375, 364.5860290527344), (377.4991760253906, 270.4918212890625), 80.21759033203125)","((2274.005615234375, 737.8477172851562), (244.95553588867188, 291.9672546386719), 11.56594467163086)"
1,"((1961.766357421875, 755.3674926757812), (306.276123046875, 377.573486328125), 1.5429476499557495)","((1424.197998046875, 733.4468383789062), (279.12823486328125, 260.65203857421875), 14.743562698364258)","((1095.75927734375, 866.50732421875), (267.6163330078125, 232.12838745117188), 34.00077819824219)","((542.025634765625, 1083.1185302734375), (295.3095397949219, 280.2723388671875), 77.81136322021484)",SITE1_008_handImaging_2020-03-04_15.43.41.jpg,"((985.5491943359375, 1099.4102783203125), (272.5364990234375, 272.67340087890625), 76.80938720703125)","((1493.5, 821.5), (261.0, 399.0), 0.0)","((1892.5, 944.0), (306.0, 249.0), 90.0)","((2464.759033203125, 1425.328369140625), (254.08018493652344, 302.53558349609375), 26.118310928344727)"
2,"((1707.52001953125, 460.3918762207031), (268.9520263671875, 289.419921875), 2.5830202102661133)","((1225.042236328125, 283.946533203125), (286.2977600097656, 256.1212158203125), 89.5936508178711)","((746.1611328125, 401.7840881347656), (286.087158203125, 241.08950805664062), 89.41537475585938)","((262.5829162597656, 723.9254760742188), (266.6270751953125, 252.5992889404297), 74.57783508300781)",SITE1_038_handImaging_2021-03-25_15.27.53.jpg,,,,
3,"((2126.120849609375, 1936.3209228515625), (328.81182861328125, 344.1712646484375), 16.751970291137695)","((1538.6514892578125, 1667.451171875), (311.37298583984375, 415.10394287109375), 0.36845654249191284)","((1114.7852783203125, 1771.791259765625), (312.768310546875, 383.5591735839844), 4.39870548248291)","((665.166748046875, 2158.874755859375), (328.66387939453125, 284.70452880859375), 87.53719329833984)",SITE2_025_handImaging_2021-01-06_21.22.13.jpg,"((1093.0106201171875, 1966.1893310546875), (341.72979736328125, 340.8077087402344), 83.21102905273438)","((1705.1759033203125, 1727.516845703125), (333.3564453125, 379.3807067871094), 3.4893248081207275)","((2176.56494140625, 1896.0379638671875), (336.3343200683594, 378.0282287597656), 1.7149301767349243)","((2451.607666015625, 2337.0185546875), (319.679443359375, 280.6096496582031), 84.50768280029297)"
4,"((1698.722900390625, 636.381103515625), (215.07296752929688, 274.6590881347656), 13.760785102844238)","((1223.0, 494.0), (192.0, 266.0), 0.0)","((909.0, 611.0), (234.0, 182.0), 90.0)","((359.1684265136719, 960.2386474609375), (184.5968780517578, 199.7953643798828), 64.49832153320312)",SITE1_035_handImaging_2021-02-22_19.17.04.jpg,"((724.7963256835938, 706.2601318359375), (282.509521484375, 222.77920532226562), 79.24903106689453)","((1200.563232421875, 523.0982666015625), (304.4473571777344, 207.1336669921875), 89.62306213378906)","((1556.5, 611.0), (201.0, 284.0), 0.0)","((2140.85888671875, 960.358154296875), (216.51425170898438, 282.2061462402344), 27.79043960571289)"
5,"((1536.5, 410.5), (299.0, 469.0), 0.0)","((1068.5, 215.99996948242188), (264.99993896484375, 363.99993896484375), 0.0)","((590.6188354492188, 386.78302001953125), (308.89434814453125, 259.30560302734375), 81.3665771484375)","((264.17169189453125, 785.2847900390625), (216.9958038330078, 234.6639404296875), 85.80908966064453)",SITE1_015_handImaging_2020-08-31_15.21.53.jpg,"((634.3377075195312, 359.0990905761719), (312.6547546386719, 290.4569091796875), 79.7878646850586)","((1181.5, 197.5), (347.0, 265.0), 90.0)","((1658.138916015625, 390.4614562988281), (253.11807250976562, 354.0268859863281), 9.272601127624512)","((2094.584228515625, 798.227294921875), (239.2552947998047, 258.5150451660156), 11.46953010559082)"
6,"((1559.0, 461.0), (226.0, 258.0), 0.0)","((1154.0, 317.0), (240.0, 342.0), 0.0)","((818.5, 496.5), (349.0, 225.0), 90.0)","((340.04388427734375, 902.302978515625), (299.2452697753906, 232.24212646484375), 78.32842254638672)",SITE2_006_handImaging_2020-09-09_18.53.32.jpg,"((879.338134765625, 754.3756103515625), (967.1400146484375, 461.5655822753906), 49.345848083496094)","((1333.5, 264.0), (235.0, 450.0), 0.0)","((1852.55517578125, 403.102783203125), (219.41758728027344, 350.5582580566406), 10.491477012634277)","((2248.420654296875, 861.058837890625), (248.55580139160156, 363.7457275390625), 18.262887954711914)"
7,"((1571.4998779296875, 438.49993896484375), (210.99996948242188, 280.99993896484375), -0.0)","((1190.9561767578125, 456.563720703125), (227.4871063232422, 180.6197052001953), 34.508522033691406)","((1039.721435546875, 473.2806701660156), (460.36920166015625, 243.62283325195312), 0.2715419828891754)","((497.992431640625, 752.070068359375), (193.88844299316406, 182.03517150878906), 82.14668273925781)",SITE1_008_handImaging_2020-09-02_14.40.09.jpg,"((663.9278564453125, 546.1477661132812), (154.09506225585938, 233.3062744140625), 35.18873977661133)","((1244.9998779296875, 276.9999694824219), (205.99996948242188, 349.99993896484375), -0.0)","((1620.5, 374.5), (201.0, 281.0), 0.0)","((2110.883056640625, 782.1102294921875), (199.2144775390625, 243.39178466796875), 26.151866912841797)"
8,"((1883.475830078125, 1642.9652099609375), (300.3813781738281, 388.11846923828125), 13.597392082214355)","((1362.5, 1411.5), (385.0, 261.0), 90.0)","((897.6092529296875, 1570.62744140625), (369.57537841796875, 243.00682067871094), 89.72321319580078)","((280.78399658203125, 1990.4310302734375), (317.4987487792969, 256.29534912109375), 72.30911254882812)",SITE2_010_handImaging_2020-10-14_20.13.45.jpg,"((987.4365234375, 1565.33984375), (312.93365478515625, 341.5394287109375), 14.223331451416016)","((1431.993896484375, 1529.3284912109375), (283.2420654296875, 325.03863525390625), 18.71173858642578)","((1747.7567138671875, 1805.45947265625), (266.32635498046875, 358.3898010253906), 9.462322235107422)","((2166.52587890625, 2442.5029296875), (289.0512390136719, 340.6950988769531), 27.908422470092773)"
9,"((2069.997314453125, 1645.2242431640625), (314.1380615234375, 456.7806091308594), 8.864623069763184)","((1512.0, 1492.5), (294.0, 479.0), 0.0)","((959.565185546875, 1721.2635498046875), (462.4682922363281, 283.4526672363281), 83.23382568359375)","((312.6532287597656, 2372.163330078125), (478.7576599121094, 282.0219421386719), 58.172550201416016)",SITE2_017_handImaging_2020-11-18_20.06.19.jpg,"((996.8807373046875, 1680.2054443359375), (398.043701171875, 311.28265380859375), 86.36064147949219)","((1628.0477294921875, 1570.1580810546875), (303.0208435058594, 455.7959899902344), 2.626405715942383)","((2089.190673828125, 1764.8726806640625), (290.7544860839844, 432.9844665527344), 7.4314093589782715)","((2666.20654296875, 2311.663330078125), (274.4608154296875, 335.8019104003906), 21.889556884765625)"
10,"((1598.5, 680.0), (245.0, 354.0), 0.0)","((1231.01123046875, 461.52911376953125), (250.7730712890625, 379.1161193847656), 2.346874475479126)","((842.974609375, 567.3714599609375), (235.9464874267578, 373.3305358886719), 0.507029116153717)","((463.0, 876.0), (240.0, 334.0), 0.0)",SITE1_039_handImaging_2021-04-14_15.05.35.jpg,"((851.92431640625, 598.8934936523438), (246.1859130859375, 208.28466796875), 83.1231689453125)","((1239.9998779296875, 481.49993896484375), (205.99996948242188, 298.99993896484375), 0.0)","((1528.5220947265625, 606.72509765625), (280.43310546875, 201.7320098876953), 82.78573608398438)","((1868.0, 897.9998779296875), (185.99996948242188, 279.99993896484375), 0.0)"
11,"((1984.0303955078125, 1212.371337890625), (299.4519348144531, 388.35272216796875), 10.268305778503418)","((1534.68603515625, 1009.9959716796875), (288.92742919921875, 385.5990295410156), 11.853004455566406)","((1014.8466796875, 1124.8338623046875), (278.8170166015625, 411.99053955078125), 2.290609836578369)","((341.5672302246094, 1529.6395263671875), (384.9265441894531, 264.97930908203125), 70.1329574584961)",SITE2_031_handImaging_2021-03-31_18.05.00.jpg,"((1060.5511474609375, 1319.3768310546875), (400.9365539550781, 311.3502197265625), 83.3130874633789)","((1519.857177734375, 1138.5987548828125), (428.2723693847656, 298.489990234375), 85.46223449707031)","((2022.208984375, 1242.8848876953125), (288.74560546875, 404.33282470703125), 2.592754602432251)","((2679.098388671875, 1679.5819091796875), (273.17803955078125, 393.9156494140625), 21.370624542236328)"
12,"((1541.9842529296875, 696.433837890625), (200.40548706054688, 229.33779907226562), 0.6295985579490662)","((1337.10595703125, 819.3271484375), (209.07615661621094, 624.2442626953125), 25.630964279174805)","((767.0, 436.0), (286.0, 182.0), 90.0)","((428.31201171875, 697.2026977539062), (173.2479248046875, 180.18016052246094), 74.45367431640625)",subject24_handImaging_2020-09-16_20.24.17.jpg,"((1147.642333984375, 641.2918090820312), (405.53143310546875, 894.4771728515625), 16.83393096923828)","((1186.104248046875, 354.3332824707031), (294.4306335449219, 173.84494018554688), 84.49451446533203)","((1521.874267578125, 438.0558776855469), (243.7567901611328, 185.37112426757812), 84.45468139648438)","((2075.576416015625, 742.9114990234375), (159.39047241210938, 213.68292236328125), 25.513874053955078)"
13,"((1558.98095703125, 371.5394287109375), (243.43902587890625, 339.9447326660156), 11.059296607971191)","((1124.3260498046875, 221.78018188476562), (232.61605834960938, 313.19732666015625), 5.29008150100708)","((762.0, 360.0), (220.0, 290.0), 0.0)","((375.81939697265625, 698.884521484375), (249.1965789794922, 210.60671997070312), 73.6441879272461)",SITE2_016_handImaging_2020-11-11_20.57.08.jpg,"((757.5, 391.0), (281.0, 352.0), 0.0)","((1191.5, 206.0), (255.0, 324.0), 0.0)","((1557.283203125, 378.06170654296875), (270.1996154785156, 251.783935546875), 87.67218780517578)","((2027.7877197265625, 768.9005737304688), (250.21658325195312, 281.2625732421875), 15.64224624633789)"
14,"((1947.554443359375, 1816.0875244140625), (263.3734130859375, 317.3431701660156), 15.47525691986084)","((1620.4996337890625, 1627.5556640625), (258.5941162109375, 347.64605712890625), 8.692781448364258)","((1117.0, 1734.0), (352.0, 242.0), 90.0)","((604.9605102539062, 2104.090087890625), (317.74603271484375, 232.29400634765625), 84.50768280029297)",SITE2_020_handImaging_2020-12-09_20.27.28.jpg,"((949.3787841796875, 1832.6849365234375), (379.57244873046875, 315.1877136230469), 82.45506286621094)","((1459.9791259765625, 1638.1617431640625), (439.4351806640625, 316.077392578125), 86.46771240234375)","((1984.9658203125, 1796.37109375), (304.72564697265625, 397.29547119140625), 0.3832436501979828)","((2579.910888671875, 2278.9921875), (294.0389709472656, 402.02935791015625), 14.444034576416016)"
15,"((2232.656494140625, 1302.346435546875), (286.4588623046875, 375.7507629394531), 20.704225540161133)","((1511.577880859375, 881.29345703125), (279.6645812988281, 420.4691467285156), 4.289153099060059)","((930.0, 1002.0), (247.99996948242188, 393.99993896484375), -0.0)","((220.2290802001953, 1495.337158203125), (386.595703125, 253.63255310058594), 73.02205657958984)",SITE2_006_handImaging_2021-03-03_21.11.56.jpg,"((711.3821411132812, 1391.1630859375), (434.6055603027344, 309.3777770996094), 74.90194702148438)","((1405.4998779296875, 1074.5), (298.99993896484375, 492.99993896484375), -0.0)","((2120.493408203125, 1259.45263671875), (287.2978210449219, 442.5475769042969), 8.563216209411621)","((2677.345947265625, 1801.159912109375), (265.54345703125, 422.9188537597656), 22.796520233154297)"
16,"((1639.9078369140625, 479.4434814453125), (233.28305053710938, 342.088134765625), 9.651834487915039)","((1223.0, 252.0), (328.0, 210.0), 90.0)","((869.5, 335.0), (201.0, 300.0), 0.0)","((426.960693359375, 637.3355102539062), (253.03965759277344, 201.7255401611328), 76.55138397216797)",SITE1_025_handImaging_2020-09-23_16.32.19.jpg,"((786.1060180664062, 286.1563720703125), (272.001708984375, 226.48458862304688), 88.33971405029297)","((1063.288330078125, 121.55896759033203), (255.53680419921875, 209.1672821044922), 84.73760223388672)","((1383.351806640625, 205.5446014404297), (310.3317565917969, 196.9520721435547), 82.69424438476562)","((1854.1788330078125, 454.3811340332031), (193.56382751464844, 265.2991027832031), 9.360191345214844)"
17,"((1927.2529296875, 1377.505126953125), (289.3057556152344, 297.95538330078125), 8.918928146362305)","((1375.4830322265625, 1160.365478515625), (279.37274169921875, 325.2747802734375), 0.41071540117263794)","((999.435302734375, 1259.4468994140625), (276.4757385253906, 319.8247985839844), 10.568015098571777)","((435.7461242675781, 1686.993408203125), (294.9050598144531, 252.17950439453125), 82.84644317626953)",SITE1_005_handImaging_2020-02-27_20.43.42.jpg,"((876.2234497070312, 1542.1920166015625), (214.3188018798828, 246.91268920898438), 83.82982635498047)","((1275.520263671875, 1320.155029296875), (265.07257080078125, 242.17416381835938), 85.77278900146484)","((1639.48974609375, 1394.9681396484375), (250.3727264404297, 222.8499755859375), 87.89834594726562)","((2067.5, 1707.0), (236.0, 213.0), 90.0)"
18,"((1714.036376953125, 350.47027587890625), (213.67308044433594, 293.9427490234375), 7.930467128753662)","((1220.7540283203125, 218.76956176757812), (318.216552734375, 206.29995727539062), 84.94275665283203)","((844.8972778320312, 339.9449462890625), (288.2837219238281, 191.88568115234375), 79.50852966308594)","((511.9000244140625, 666.7999877929688), (259.8310852050781, 182.46311950683594), 63.43495178222656)",SITE2_022_handImaging_2020-12-10_20.11.05.jpg,"((789.4005737304688, 383.5143737792969), (232.91448974609375, 215.1292724609375), 81.75367736816406)","((1183.5, 196.5), (211.0, 287.0), 0.0)","((1508.7825927734375, 270.2860412597656), (271.0960998535156, 200.84371948242188), 83.51692199707031)","((1971.0794677734375, 594.8011474609375), (197.91920471191406, 283.6203918457031), 15.172914505004883)"
19,"((2039.4071044921875, 1363.106201171875), (328.1485290527344, 539.0890502929688), 14.620874404907227)","((1506.8411865234375, 1074.318359375), (311.4978332519531, 525.8982543945312), 9.30993938446045)","((898.6397705078125, 1235.3779296875), (302.45037841796875, 506.9803771972656), 2.9019105434417725)","((249.9287109375, 1720.27490234375), (431.2015075683594, 284.50872802734375), 76.47946166992188)",SITE2_029_handImaging_2021-03-10_20.57.17.jpg,"((824.8967895507812, 1352.675537109375), (477.05755615234375, 327.0678405761719), 79.50196838378906)","((1385.1490478515625, 1155.279541015625), (569.1378173828125, 315.5340270996094), 81.13536834716797)","((1933.5987548828125, 1304.732177734375), (531.9405517578125, 302.6730041503906), 85.42607879638672)","((2587.191162109375, 1778.7467041015625), (293.9650573730469, 444.1875), 6.9427947998046875)"
20,"((2085.695556640625, 1684.8677978515625), (287.7287292480469, 371.47174072265625), 11.932238578796387)","((1443.0, 1442.5), (447.0, 282.0), 90.0)","((958.5315551757812, 1633.5181884765625), (416.081298828125, 281.40936279296875), 89.36808776855469)","((483.1097412109375, 2094.01220703125), (379.56768798828125, 269.9812316894531), 85.03025817871094)",SITE2_014_handImaging_2020-11-04_20.16.00.jpg,"((904.1244506835938, 1423.13818359375), (432.20111083984375, 322.0732421875), 74.57783508300781)","((1409.16357421875, 1229.01416015625), (421.8923034667969, 299.5967102050781), 87.0288314819336)","((1835.2596435546875, 1360.3807373046875), (387.7079162597656, 287.5505676269531), 89.11859893798828)","((2259.25537109375, 1782.1632080078125), (335.2689208984375, 264.4833984375), 85.060791015625)"
21,"((1632.8404541015625, 405.4368896484375), (287.718505859375, 318.7629089355469), 10.745857238769531)","((1318.5975341796875, 193.76966857910156), (290.069580078125, 427.6536560058594), 11.909656524658203)","((933.9224243164062, 219.9974365234375), (277.48065185546875, 394.6188659667969), 13.1906099319458)","((456.9320373535156, 544.803466796875), (219.50088500976562, 236.75521850585938), 8.226722717285156)",SITE1_031_handImaging_2020-11-18_16.04.38.jpg,"((638.9520874023438, 422.87762451171875), (229.35023498535156, 272.08367919921875), 81.6144027709961)","((968.5, 132.0), (271.0, 264.0), 0.0)","((1403.4832763671875, 217.97869873046875), (323.62786865234375, 228.1005096435547), 85.70014190673828)","((1671.6510009765625, 550.4385986328125), (286.86260986328125, 219.53607177734375), 78.46537780761719)"
22,"((1735.5233154296875, 442.61572265625), (248.58428955078125, 253.58001708984375), 12.922135353088379)","((1308.34619140625, 312.21575927734375), (231.35711669921875, 279.8443298339844), 4.844000816345215)","((853.0409545898438, 450.23370361328125), (220.1985626220703, 270.49334716796875), 7.740340709686279)","((293.55877685546875, 839.7021484375), (226.77850341796875, 218.4672393798828), 73.79399871826172)",SITE1_020_handImaging_2020-09-03_18.35.22.jpg,"((643.1558837890625, 467.2767333984375), (295.16229248046875, 287.985107421875), 80.9742660522461)","((1214.8189697265625, 181.96446228027344), (364.1184997558594, 281.4487609863281), 85.15599822998047)","((1728.0, 283.5), (250.0, 343.0), 0.0)","((2272.9296875, 639.7697143554688), (264.3824768066406, 339.7457580566406), 4.2891526222229)"
23,"((2031.6671142578125, 1285.160888671875), (303.8214111328125, 413.0542907714844), 4.927110195159912)","((1454.0, 1046.5), (294.0, 449.0), 0.0)","((824.1384887695312, 1248.0518798828125), (433.6436462402344, 283.8648376464844), 83.97731018066406)","((360.0020751953125, 1765.283203125), (382.14251708984375, 267.76556396484375), 74.41908264160156)",SITE2_023_handImaging_2021-03-31_18.58.41.jpg,"((785.4557495117188, 1320.7724609375), (432.2925109863281, 341.5475769042969), 78.9964599609375)","((1357.5162353515625, 998.8966064453125), (496.0545959472656, 336.0539245605469), 82.97721099853516)","((1946.5, 1114.5), (311.0, 423.0), 0.0)","((2430.999755859375, 1577.9998779296875), (275.99993896484375, 395.99993896484375), 0.0)"
24,"((1630.478759765625, 782.2137451171875), (182.51950073242188, 398.1908264160156), 21.64443588256836)","((1245.5360107421875, 587.0623168945312), (174.14498901367188, 406.1189880371094), 7.561427593231201)","((798.3607177734375, 655.64208984375), (426.52069091796875, 164.96681213378906), 82.9945297241211)","((485.8619689941406, 977.2677612304688), (165.3564453125, 168.8952178955078), 87.38045501708984)",SITE1_029_handImaging_2020-10-21_19.40.10.jpg,"((924.2048950195312, 1051.0325927734375), (157.29019165039062, 147.0238037109375), 86.39872741699219)","((1238.99560546875, 921.7992553710938), (141.63453674316406, 290.4726867675781), 0.83637535572052)","((1508.3927001953125, 1008.6477661132812), (138.2664337158203, 299.6171569824219), 2.0166239738464355)","((1815.3564453125, 1406.8682861328125), (5.811491012573242, 47.872432708740234), 11.560131072998047)"
25,"((2061.5, 1504.0), (313.0, 432.0), 0.0)","((1489.62841796875, 1176.39501953125), (307.6497497558594, 471.20037841796875), 1.8357750177383423)","((919.0, 1301.5), (308.0, 463.0), 0.0)","((244.0018310546875, 1779.4051513671875), (423.6853942871094, 316.2583923339844), 70.0835952758789)",SITE1_001_handImaging_2020-02-20_21.02.56.jpg,"((788.1719970703125, 1504.719482421875), (395.3204040527344, 314.52374267578125), 81.26853942871094)","((1342.828125, 1203.0792236328125), (446.5302734375, 312.8287658691406), 82.26155853271484)","((1995.0, 1355.0), (368.0, 290.0), 90.0)","((2515.048828125, 1800.6702880859375), (287.3121337890625, 346.1816101074219), 11.645974159240723)"
26,"((1607.100830078125, 679.0328369140625), (308.3169250488281, 344.8844299316406), 16.612083435058594)","((1121.411376953125, 443.9130859375), (301.91680908203125, 353.7669677734375), 15.376252174377441)","((697.34228515625, 558.5513305664062), (281.5995788574219, 378.1692199707031), 8.530766487121582)","((249.50901794433594, 896.92919921875), (251.11480712890625, 270.6357116699219), 7.2445068359375)",SITE1_036_handImaging_2021-03-24_14.43.51.jpg,"((841.0340576171875, 554.2368774414062), (275.59271240234375, 268.39495849609375), 77.81634521484375)","((1404.66064453125, 335.43255615234375), (257.8879699707031, 297.73883056640625), 7.294196605682373)","((1768.068359375, 505.1895751953125), (248.6697235107422, 317.48565673828125), 6.812780857086182)","((2037.0091552734375, 843.8426513671875), (242.3312530517578, 307.5779113769531), 9.01932144165039)"
27,"((1584.158203125, 467.961181640625), (259.6262512207031, 309.0596618652344), 9.885870933532715)","((1166.7945556640625, 304.982421875), (272.6554260253906, 363.4189758300781), 9.977712631225586)","((729.1591186523438, 357.363037109375), (324.47943115234375, 248.61965942382812), 82.63195037841797)","((256.1648864746094, 791.9524536132812), (229.67787170410156, 208.88050842285156), 78.85710906982422)",SITE1_013_handImaging_2020-08-26_17.45.24.jpg,"((559.6258544921875, 754.3734130859375), (240.85304260253906, 241.79759216308594), 9.720216751098633)","((1014.2637329101562, 640.0616455078125), (27.35343360900879, 170.47679138183594), 47.21204376220703)","((1282.1219482421875, 648.2794799804688), (186.44102478027344, 118.60871124267578), 25.132953643798828)","((1535.958984375, 796.6323852539062), (203.2974853515625, 257.2500305175781), 24.36245346069336)"
28,"((1461.778076171875, 394.23712158203125), (265.55096435546875, 285.63427734375), 17.787973403930664)","((1076.9051513671875, 207.53465270996094), (254.15966796875, 304.1786804199219), 6.483074188232422)","((698.7528686523438, 303.92230224609375), (233.48704528808594, 286.88360595703125), 4.455602645874023)","((181.01126098632812, 672.6782836914062), (255.81729125976562, 215.40455627441406), 72.34988403320312)",SITE1_014_handImaging_2020-08-27_18.30.21.jpg,"((1041.339111328125, 555.9981689453125), (250.46600341796875, 243.33058166503906), 8.587935447692871)","((1512.0235595703125, 466.0917053222656), (259.78570556640625, 271.2707214355469), 20.315196990966797)","((1822.3939208984375, 643.8307495117188), (272.6272888183594, 278.4698791503906), 12.45295238494873)","((2237.35546875, 1144.930908203125), (232.9752655029297, 226.336669921875), 36.7176513671875)"
29,"((1944.8193359375, 1366.8663330078125), (259.71014404296875, 330.41845703125), 0.4735080897808075)","((1494.5, 1140.5), (247.0, 361.0), 0.0)","((1016.5, 1265.5), (237.0, 347.0), 0.0)","((426.4000244140625, 1674.7000732421875), (338.6799011230469, 229.89756774902344), 71.56504821777344)",SITE2_007_handImaging_2021-03-31_20.26.08.jpg,"((761.14013671875, 1334.3321533203125), (335.6919250488281, 286.2627258300781), 76.72360229492188)","((1428.5, 1057.5), (299.0, 425.0), 0.0)","((1970.0, 1166.5), (254.0, 355.0), 0.0)","((2522.2685546875, 1569.9873046875), (251.87570190429688, 345.6837158203125), 11.023456573486328)"
30,"((1758.6680908203125, 473.22467041015625), (213.1199951171875, 265.1894836425781), 7.843421459197998)","((1301.5, 287.5), (211.0, 331.0), 0.0)","((912.275146484375, 432.27313232421875), (319.9944763183594, 196.17347717285156), 87.53719329833984)","((362.3422546386719, 870.6258544921875), (271.8995666503906, 194.5773468017578), 60.88385772705078)",SITE2_006_handImaging_2020-11-11_21.23.53.jpg,"((869.981689453125, 471.84210205078125), (276.58087158203125, 221.06748962402344), 80.3802719116211)","((1304.0, 287.5), (263.0, 206.0), 90.0)","((1835.6715087890625, 467.45880126953125), (201.76776123046875, 261.5769348144531), 14.264512062072754)","((2225.227294921875, 899.2440185546875), (197.57379150390625, 262.10601806640625), 26.09542465209961)"
31,"((2086.031005859375, 1891.3392333984375), (381.6198425292969, 513.9390258789062), 7.9727582931518555)","((1526.13916015625, 1606.9072265625), (379.44769287109375, 537.5151977539062), 4.253836154937744)","((906.4252319335938, 1819.4925537109375), (492.6605529785156, 348.11053466796875), 87.56334686279297)","((293.3180236816406, 2341.285888671875), (422.63885498046875, 328.3470764160156), 77.08882141113281)",SITE2_002_handImaging_2020-07-29_19.08.26.jpg,"((984.3053588867188, 1899.20068359375), (425.9925537109375, 346.224853515625), 79.26110076904297)","((1520.454345703125, 1667.721923828125), (483.59234619140625, 323.6478271484375), 89.8157730102539)","((2031.611328125, 1850.6956787109375), (319.646728515625, 426.1865539550781), 6.282491683959961)","((2611.904052734375, 2347.851806640625), (280.1505126953125, 430.3669128417969), 8.956635475158691)"
32,"((2051.5732421875, 1410.547119140625), (318.5561218261719, 407.4705505371094), 12.149090766906738)","((1448.5, 1190.5), (293.0, 461.0), 0.0)","((1071.505615234375, 1327.9571533203125), (292.52215576171875, 390.9061279296875), 7.431407928466797)","((399.99853515625, 1786.19482421875), (374.862060546875, 267.7509765625), 74.47589111328125)",SITE2_028_handImaging_2021-03-10_19.30.47.jpg,"((703.3201904296875, 1460.69580078125), (404.5224609375, 368.3406066894531), 71.8725357055664)","((1383.789306640625, 1121.1202392578125), (486.9828796386719, 376.6200866699219), 84.25680541992188)","((1853.3641357421875, 1237.132568359375), (475.7556457519531, 348.6068420410156), 77.17288208007812)","((2571.999755859375, 1685.9998779296875), (339.99993896484375, 405.99993896484375), -0.0)"
33,"((239.1955108642578, 967.3612670898438), (159.4146728515625, 241.20736694335938), 87.62394714355469)","((772.7010498046875, 667.8724975585938), (240.54165649414062, 232.25860595703125), 0.47745373845100403)","((1201.65283203125, 626.1401977539062), (263.3786926269531, 296.1014404296875), 3.5214531421661377)","((1677.3226318359375, 811.761474609375), (283.2136535644531, 329.8713684082031), 11.105743408203125)",SITE1_046_handImaging_2021-11-11_20.18.08.jpg,"((738.6892700195312, 494.99346923828125), (221.1444549560547, 261.1551208496094), 88.02507019042969)","((1199.421630859375, 376.8619384765625), (251.36651611328125, 276.28204345703125), 0.45653036236763)","((1673.366455078125, 479.31634521484375), (235.12867736816406, 253.84939575195312), 9.756360054016113)","((2157.10791015625, 834.2791137695312), (242.577392578125, 233.78372192382812), 22.407445907592773)"
34,"((2106.336669921875, 1921.5567626953125), (316.0475158691406, 376.37408447265625), 21.974506378173828)","((1592.559814453125, 1612.5799560546875), (287.5096130371094, 413.6574401855469), 8.130101203918457)","((1079.818115234375, 1695.8193359375), (270.3574523925781, 380.6404724121094), 0.4834972620010376)","((247.33120727539062, 2196.376708984375), (407.5776672363281, 262.033203125), 60.90311050415039)",SITE2_012_handImaging_2020-10-28_18.56.30.jpg,"((1074.0, 1797.0), (294.0, 374.0), 0.0)","((1598.8382568359375, 1602.908447265625), (282.3686828613281, 400.2658386230469), 0.4228394031524658)","((1964.5, 1749.0), (265.0, 394.0), 0.0)","((2578.300048828125, 2223.900146484375), (258.042236328125, 395.7840270996094), 26.56505012512207)"
35,"((1920.4337158203125, 1827.7314453125), (314.36944580078125, 465.5574951171875), 8.956634521484375)","((1359.4998779296875, 1617.9998779296875), (310.99993896484375, 509.99993896484375), 0.0)","((899.275146484375, 1791.06103515625), (306.443603515625, 444.0906982421875), 1.5343414545059204)","((219.73753356933594, 2253.561279296875), (395.7821350097656, 299.5986633300781), 80.0594253540039)",SITE2_013_handImaging_2020-11-18_19.19.43.jpg,"((785.7926025390625, 1936.9561767578125), (392.53271484375, 322.8945007324219), 70.90650939941406)","((1281.455810546875, 1710.138427734375), (414.3514404296875, 308.22137451171875), 83.02722930908203)","((1926.5, 1867.0), (352.0, 271.0), 90.0)","((2465.5, 2350.0), (253.0, 364.0), 0.0)"
36,"((839.3198852539062, 366.47509765625), (256.8466796875, 540.86328125), 1.618094563484192)","((1210.5, 174.5), (275.0, 349.0), 0.0)","((1210.5, 174.5), (275.0, 349.0), 0.0)","((1209.625, 246.14698791503906), (498.7894592285156, 272.22564697265625), 87.9833755493164)",SITE1_028_handImaging_2020-10-14_16.08.26.jpg,"((755.7315063476562, 364.08563232421875), (241.602783203125, 267.1363525390625), 5.172160625457764)","((1194.53759765625, 248.33206176757812), (248.942138671875, 292.8523864746094), 17.258955001831055)","((1485.7430419921875, 362.052490234375), (303.7041931152344, 229.4149169921875), 81.63410949707031)","((1945.716552734375, 711.8219604492188), (234.387939453125, 275.72503662109375), 8.76758098602295)"
37,"((1655.252197265625, 398.0343017578125), (219.41221618652344, 294.3131408691406), 24.116840362548828)","((1197.785888671875, 167.85406494140625), (195.12603759765625, 341.6548767089844), 4.144623756408691)","((860.9943237304688, 273.7781982421875), (179.78823852539062, 285.9046325683594), 2.400214433670044)","((296.3880615234375, 642.2635498046875), (241.96392822265625, 167.6195831298828), 64.65382385253906)",SITE1_012_handImaging_2020-08-26_17.17.11.jpg,"((868.5697631835938, 422.5934753417969), (309.5423278808594, 204.66212463378906), 71.73209381103516)","((1276.5230712890625, 210.56626892089844), (322.1851806640625, 194.85186767578125), 82.09283447265625)","((1610.14794921875, 272.9985046386719), (302.71893310546875, 181.38851928710938), 89.41537475585938)","((2019.76123046875, 565.6114501953125), (163.4209747314453, 311.7862854003906), 23.09682273864746)"
38,"((2157.7197265625, 1759.5174560546875), (316.6865234375, 417.0238952636719), 14.2233304977417)","((1490.40234375, 1469.8160400390625), (302.5815124511719, 436.9717102050781), 4.243852615356445)","((868.0919189453125, 1619.55712890625), (417.38153076171875, 299.3919982910156), 85.03025817871094)","((400.0, 2055.0), (282.0, 360.0), 0.0)",SITE2_003_handImaging_2020-08-05_20.18.52.jpg,"((876.741943359375, 1767.5350341796875), (381.812744140625, 315.47332763671875), 75.78172302246094)","((1427.662841796875, 1516.7572021484375), (436.8479919433594, 321.32977294921875), 89.22315979003906)","((1878.596435546875, 1657.92529296875), (423.3776550292969, 308.160888671875), 83.09778594970703)","((2515.3759765625, 2112.283203125), (283.3317565917969, 327.43756103515625), 0.4228394329547882)"
39,"((1972.345458984375, 1424.4852294921875), (263.4491271972656, 386.3470458984375), 18.584938049316406)","((1498.972900390625, 1241.76806640625), (237.28591918945312, 390.9725646972656), 2.9866371154785156)","((1062.947021484375, 1346.30517578125), (235.39276123046875, 375.3481140136719), 0.5003870725631714)","((386.30047607421875, 1789.5318603515625), (315.95458984375, 219.9954376220703), 61.86394119262695)",SITE1_003_handImaging_2020-02-21_15.36.43.jpg,"((910.778564453125, 1529.642578125), (331.52911376953125, 237.80047607421875), 65.34410858154297)","((1406.9495849609375, 1352.37548828125), (391.5648498535156, 235.28713989257812), 86.34777069091797)","((1821.5, 1463.5), (223.0, 351.0), 0.0)","((2440.940185546875, 1864.0765380859375), (197.57557678222656, 296.6570129394531), 21.943405151367188)"
40,"((961.4053344726562, 277.251220703125), (554.7980346679688, 275.76971435546875), 84.0938491821289)","((959.9490966796875, 252.9014434814453), (503.84234619140625, 270.022216796875), 86.10832214355469)","((352.61480712890625, 1011.6297607421875), (732.681884765625, 288.0270080566406), 47.734981536865234)","((200.5, 853.0), (215.0, 230.0), 0.0)",SITE1_018_handImaging_2020-09-02_17.45.39.jpg,"((681.0, 472.5), (216.0, 251.0), 0.0)","((1062.0, 265.9999694824219), (211.99996948242188, 239.99996948242188), 0.0)","((1447.377197265625, 377.06951904296875), (203.92286682128906, 287.34368896484375), 6.869992256164551)","((1943.0308837890625, 746.2242431640625), (206.25527954101562, 259.5182800292969), 32.938690185546875)"
41,"((63.779327392578125, 968.7949829101562), (8.47221565246582, 69.2149658203125), 17.612577438354492)","((58.098140716552734, 986.4306640625), (4.757393836975098, 32.078426361083984), 9.7824068069458)","((55.0, 1067.0), (56.0, 4.0), 90.0)","((55.0, 1078.0), (34.0, 4.0), 90.0)",SITE1_041_handImaging_2021-10-20_14.38.44.jpg,,,,
42,"((1505.5, 1476.5), (327.0, 407.0), 0.0)","((1009.1233520507812, 1300.7867431640625), (479.078125, 340.4166564941406), 85.14690399169922)","((592.56787109375, 1452.45166015625), (458.53302001953125, 298.2552185058594), 83.90608978271484)","((128.71739196777344, 1941.2386474609375), (333.7610778808594, 272.2651062011719), 69.06271362304688)",SITE2_032_handImaging_2021-10-13_21.05.31.jpg,"((751.49072265625, 1101.9578857421875), (292.2135009765625, 359.67083740234375), 88.70539855957031)","((1301.1663818359375, 802.6732788085938), (356.8597717285156, 367.5928955078125), 85.96039581298828)","((1691.4932861328125, 945.8115234375), (464.8589782714844, 363.23486328125), 83.82982635498047)","((2166.0634765625, 1399.38916015625), (317.4425964355469, 368.6326904296875), 2.405970573425293)"
43,"((2192.226318359375, 1828.2545166015625), (348.0603942871094, 437.0088806152344), 23.462181091308594)","((1474.5, 1519.0), (323.0, 496.0), 0.0)","((926.8818359375, 1662.41357421875), (486.3219299316406, 314.0968017578125), 88.61631774902344)","((206.0475616455078, 2302.80712890625), (412.4787292480469, 288.5627746582031), 81.93486022949219)",SITE2_019_handImaging_2020-12-02_18.47.31.jpg,"((947.4381103515625, 1831.7281494140625), (371.935302734375, 308.42657470703125), 82.1198501586914)","((1506.5, 1627.0), (390.0, 271.0), 90.0)","((2024.4515380859375, 1766.3785400390625), (275.1704406738281, 391.5636901855469), 8.775055885314941)","((2524.364990234375, 2297.219482421875), (259.8434753417969, 307.9194641113281), 27.946685791015625)"
44,"((1629.8692626953125, 319.18963623046875), (236.99485778808594, 321.3963928222656), 6.061789035797119)","((1122.5, 149.5), (299.0, 245.0), 90.0)","((630.4918823242188, 255.81805419921875), (338.1392517089844, 246.45687866210938), 81.42093658447266)","((243.00668334960938, 688.3251342773438), (273.14630126953125, 233.19126892089844), 68.98140716552734)",SITE1_010_handImaging_2020-08-19_19.35.49.jpg,,,,
45,"((1678.2392578125, 344.13385009765625), (252.81463623046875, 298.110107421875), 17.55107307434082)","((1239.9998779296875, 153.49996948242188), (225.99996948242188, 306.99993896484375), 0.0)","((724.5744018554688, 305.6590881347656), (287.251708984375, 206.87640380859375), 75.73548889160156)","((228.09286499023438, 725.8347778320312), (229.2947235107422, 237.5516815185547), 73.27352905273438)",subject37_handImaging_2020-11-11_18.39.43.jpg,"((822.69921875, 370.99212646484375), (217.77743530273438, 217.06092834472656), 71.04576873779297)","((1182.9989013671875, 190.82623291015625), (273.85418701171875, 212.41806030273438), 82.56858825683594)","((1531.5, 269.5), (257.0, 201.0), 90.0)","((1956.817138671875, 576.1893310546875), (191.07374572753906, 239.20953369140625), 14.51669979095459)"
46,"((412.621337890625, 1144.5810546875), (212.30044555664062, 222.67144775390625), 69.28145599365234)","((852.3511962890625, 783.9509887695312), (200.760498046875, 221.73179626464844), 85.3436508178711)","((1230.5, 709.5), (225.0, 325.0), 0.0)","((1603.1854248046875, 869.9177856445312), (216.42599487304688, 299.5922546386719), 15.466715812683105)",SITE1_042_handImaging_2021-11-03_19.07.24.jpg,"((2248.013427734375, 1152.915771484375), (243.4756317138672, 220.64276123046875), 10.544759750366211)","((1733.1859130859375, 728.4840087890625), (321.23040771484375, 255.09071350097656), 86.10832214355469)","((1276.813232421875, 605.7730102539062), (358.3521423339844, 250.4406280517578), 86.08174133300781)","((944.1730346679688, 721.6385498046875), (350.4841003417969, 243.34109497070312), 80.03620147705078)"
47,"((1759.4468994140625, 760.24169921875), (236.3509979248047, 399.31121826171875), 8.880659103393555)","((1264.5, 595.0), (428.0, 225.0), 90.0)","((816.7537841796875, 704.355224609375), (207.39588928222656, 383.05487060546875), 1.036914348602295)","((212.45733642578125, 1153.2518310546875), (287.5687255859375, 226.89739990234375), 76.4295654296875)",SITE1_040_handImaging_2021-10-15_17.39.20.jpg,"((664.8075561523438, 823.4285888671875), (430.1199035644531, 267.75726318359375), 75.1413803100586)","((1292.4835205078125, 582.68505859375), (493.58001708984375, 264.63372802734375), 86.98721313476562)","((1757.5, 689.5), (230.99996948242188, 380.99993896484375), 0.0)","((2319.397705078125, 1196.860107421875), (223.7793426513672, 368.8963928222656), 18.541645050048828)"
48,"((1659.860107421875, 505.64251708984375), (257.66937255859375, 304.4040222167969), 4.507770538330078)","((1172.9197998046875, 326.66058349609375), (317.70611572265625, 260.7626037597656), 85.97173309326172)","((914.0, 427.0), (220.0, 316.0), 0.0)","((468.2689208984375, 783.5365600585938), (284.9933166503906, 228.51805114746094), 81.5934829711914)",SITE1_037_handImaging_2021-03-24_18.44.16.jpg,"((905.5842895507812, 586.73291015625), (243.22164916992188, 220.34275817871094), 83.86274719238281)","((1237.90380859375, 371.59600830078125), (277.09490966796875, 214.7999725341797), 88.16422271728516)","((1620.5, 429.5), (253.0, 211.0), 90.0)","((2195.769287109375, 817.9183959960938), (224.264404296875, 220.9164276123047), 41.48805236816406)"
49,"((1798.5947265625, 1493.4151611328125), (270.1094970703125, 394.7847900390625), 8.831908226013184)","((1366.2611083984375, 1273.6434326171875), (254.52688598632812, 428.30548095703125), 3.100491523742676)","((941.5, 1417.0), (414.0, 251.0), 90.0)","((514.6357421875, 1872.6328125), (318.1796569824219, 226.56521606445312), 81.25383758544922)",SITE1_006_handImaging_2020-02-27_20.52.00.jpg,"((906.9717407226562, 1508.35400390625), (238.56332397460938, 247.32452392578125), 73.84265899658203)","((1315.5, 1380.0), (229.0, 296.0), 0.0)","((1788.771728515625, 1497.4505615234375), (233.7097930908203, 297.42803955078125), 0.5700884461402893)","((2188.331787109375, 1908.110107421875), (213.02650451660156, 270.2953186035156), 15.865710258483887)"
50,"((1919.6456298828125, 1319.7958984375), (278.2070007324219, 471.169189453125), 13.431029319763184)","((1326.5, 1088.5), (269.0, 491.0), 0.0)","((873.0, 1229.5), (254.0, 483.0), 0.0)","((212.90380859375, 1685.0970458984375), (424.92529296875, 260.6539001464844), 78.44676971435547)",SITE2_031_handImaging_2021-10-13_19.29.01.jpg,"((709.8809204101562, 1331.524169921875), (438.19097900390625, 303.1440124511719), 83.33586883544922)","((1240.06103515625, 1194.7760009765625), (443.8625793457031, 276.44329833984375), 89.4437484741211)","((1644.2508544921875, 1302.60791015625), (390.1255187988281, 266.1506652832031), 83.51692199707031)","((2227.12353515625, 1727.3509521484375), (239.46949768066406, 373.9847106933594), 3.4473867416381836)"
51,"((1514.5152587890625, 440.79638671875), (210.355224609375, 319.35931396484375), 8.365885734558105)","((1129.5, 258.0), (322.0, 201.0), 90.0)","((742.5, 359.5), (269.0, 191.0), 90.0)","((225.923828125, 718.1024169921875), (249.3668670654297, 186.88270568847656), 66.71393585205078)",SITE1_029_handImaging_2020-11-04_17.02.14.jpg,"((2063.00390625, 752.8191528320312), (209.8799591064453, 276.2732238769531), 15.255120277404785)","((1561.0675048828125, 389.9584045410156), (211.57656860351562, 292.0601806640625), 0.5700884461402893)","((1204.8260498046875, 291.6445007324219), (232.93557739257812, 351.4671936035156), 2.346874475479126)","((808.5, 445.5), (235.0, 345.0), 0.0)"
52,"((229.42108154296875, 1650.21142578125), (229.09300231933594, 211.5908203125), 46.74894714355469)","((545.93994140625, 1278.481201171875), (285.2296142578125, 203.88241577148438), 54.814788818359375)","((1060.3424072265625, 1111.254638671875), (334.0311584472656, 235.18020629882812), 78.05582427978516)","((1473.0, 1225.5), (192.0, 279.0), 0.0)",subject37_handImaging_2021-10-20_17.32.17.jpg,"((1032.270263671875, 620.482421875), (257.8585205078125, 245.9226837158203), 82.66322326660156)","((1433.3399658203125, 445.9217834472656), (286.2100524902344, 231.16793823242188), 89.49296569824219)","((1833.5, 551.0), (215.0, 282.0), 0.0)","((2365.5, 996.0), (161.0, 202.0), 0.0)"
53,"((1754.7666015625, 525.2276611328125), (270.0647888183594, 354.8133239746094), 15.536373138427734)","((1382.15771484375, 317.9787902832031), (260.39404296875, 324.2198181152344), 13.578344345092773)","((950.3321533203125, 388.3795166015625), (245.3717803955078, 309.3477478027344), 0.4960549473762512)","((424.56085205078125, 703.5137939453125), (273.1568908691406, 227.74588012695312), 80.93070983886719)",SITE2_005_handImaging_2020-09-09_18.04.45.jpg,"((2325.74072265625, 618.0419921875), (58.137760162353516, 15.170858383178711), 49.184913635253906)","((2302.342041015625, 608.6705322265625), (106.78015899658203, 28.38542938232422), 33.5412483215332)","((2283.8056640625, 635.3424072265625), (197.24972534179688, 91.98411560058594), 31.41568374633789)","((2253.828369140625, 644.0684204101562), (213.36732482910156, 117.68260955810547), 13.379962921142578)"
54,"((398.4164123535156, 1962.6529541015625), (32.513038635253906, 141.8324432373047), 50.946868896484375)","((399.26458740234375, 1962.547607421875), (34.07624053955078, 142.77931213378906), 51.981056213378906)","((398.640869140625, 1962.758056640625), (33.30485534667969, 141.79551696777344), 51.469818115234375)","((359.7876892089844, 2005.3984375), (4.981349468231201, 29.45664405822754), 25.559961318969727)",SITE2_009_handImaging_2020-10-14_18.29.15.jpg,"((694.306396484375, 1805.3099365234375), (404.89825439453125, 321.42474365234375), 66.55401611328125)","((1388.9627685546875, 1523.8245849609375), (456.989501953125, 306.64923095703125), 80.61448669433594)","((1870.2626953125, 1670.5323486328125), (448.35516357421875, 294.7942199707031), 84.50768280029297)","((2635.202392578125, 2209.11474609375), (270.2833251953125, 398.92535400390625), 20.369312286376953)"
55,"((1882.44482421875, 1461.188720703125), (328.6065673828125, 455.7451477050781), 5.108887195587158)","((1320.9361572265625, 1237.9329833984375), (481.7372131347656, 304.1622619628906), 88.94300842285156)","((798.523681640625, 1398.3175048828125), (445.68682861328125, 322.3746643066406), 88.4570541381836)","((301.5613708496094, 1876.8828125), (422.5276184082031, 288.1149597167969), 77.64171600341797)",SITE1_004_handImaging_2020-02-26_16.15.04.jpg,"((930.207275390625, 1571.7850341796875), (335.8267822265625, 276.24853515625), 87.67561340332031)","((1481.2623291015625, 1368.876220703125), (274.13275146484375, 425.37835693359375), 5.710592269897461)","((1966.8594970703125, 1509.5537109375), (263.1835632324219, 414.5787048339844), 1.141957402229309)","((2308.769287109375, 1922.1123046875), (257.5461120605469, 388.56573486328125), 4.68589973449707)"
56,"((1574.0, 590.5), (206.0, 243.0), 0.0)","((1059.455810546875, 444.41357421875), (214.0100860595703, 213.7606658935547), 83.11357116699219)","((721.647216796875, 547.2445678710938), (275.1659851074219, 173.07965087890625), 89.21517944335938)","((262.6846008300781, 922.27294921875), (256.71575927734375, 219.61207580566406), 78.50856018066406)",SITE1_034_handImaging_2021-02-22_20.28.42.jpg,"((720.3306884765625, 631.88330078125), (199.830810546875, 246.86474609375), 82.00252532958984)","((1157.2054443359375, 473.4561767578125), (257.2888488769531, 241.26707458496094), 82.63195037841797)","((1546.5, 572.5), (207.0, 191.0), 90.0)","((2079.55078125, 897.7114868164062), (211.30384826660156, 240.0113067626953), 12.116862297058105)"
57,"((1610.7784423828125, 376.2918701171875), (387.0028076171875, 595.3876953125), 10.81222915649414)","((1092.5255126953125, 199.0198211669922), (330.106689453125, 409.7280578613281), 5.111893653869629)","((659.4955444335938, 361.9728698730469), (308.409423828125, 323.42132568359375), 4.589152812957764)","((120.76728820800781, 765.574951171875), (5.867832660675049, 51.8977165222168), 19.025604248046875)",SITE1_011_handImaging_2020-08-24_14.37.45.jpg,"((2290.1611328125, 959.6541137695312), (97.4166259765625, 19.349878311157227), 35.81116485595703)","((2261.518798828125, 960.740234375), (143.35260009765625, 48.77458190917969), 14.23145866394043)","((2343.9365234375, 1045.6976318359375), (20.60104751586914, 3.708188533782959), 78.11134338378906)","((2348.3349609375, 1070.2431640625), (70.40229797363281, 4.721184730529785), 79.11447143554688)"
58,"((1550.41552734375, 402.27191162109375), (232.6373748779297, 286.7677001953125), 14.428226470947266)","((1147.5946044921875, 226.93243408203125), (223.41819763183594, 329.7843322753906), 9.462323188781738)","((661.5, 312.5), (333.0, 215.0), 90.0)","((183.57058715820312, 686.317626953125), (282.4434509277344, 217.68971252441406), 77.47119140625)",subject50_handImaging_2020-09-30_16.08.15.jpg,"((680.5150146484375, 373.2682800292969), (209.20352172851562, 226.7431182861328), 63.17212677001953)","((1124.6529541015625, 204.44827270507812), (211.2835235595703, 283.13262939453125), 0.5816630721092224)","((1476.6060791015625, 276.3188171386719), (197.4163818359375, 251.31971740722656), 0.596809446811676)","((1839.43603515625, 603.4559326171875), (200.43898010253906, 223.33737182617188), 7.9893269538879395)"
59,"((1885.7177734375, 820.019287109375), (343.25592041015625, 429.1898498535156), 10.933816909790039)","((1375.446044921875, 592.2926635742188), (333.28704833984375, 494.5733947753906), 10.437475204467773)","((781.5, 640.5), (319.0, 391.0), 0.0)","((271.4999694824219, 1052.0), (308.99993896484375, 293.99993896484375), 0.0)",SITE1_044_handImaging_2021-11-10_17.10.34.jpg,"((740.1633911132812, 484.90118408203125), (328.25775146484375, 335.79595947265625), 75.92041778564453)","((1273.485595703125, 303.688232421875), (455.9710388183594, 319.2511291503906), 85.57302856445312)","((1744.5091552734375, 474.9031982421875), (412.2301330566406, 314.3289489746094), 89.63035583496094)","((2170.508056640625, 945.364013671875), (385.64483642578125, 289.31207275390625), 85.26255798339844)"
60,"((1979.9599609375, 1550.674072265625), (342.229736328125, 389.1898498535156), 8.99124813079834)","((1432.9873046875, 1303.5435791015625), (346.099853515625, 415.1682434082031), 10.404003143310547)","((969.3970947265625, 1480.5078125), (327.8978576660156, 425.2928771972656), 6.981057643890381)","((483.5, 1931.5), (321.0, 277.0), 90.0)",SITE2_009_handImaging_2020-11-04_18.38.43.jpg,"((792.4461669921875, 1813.682373046875), (345.8205871582031, 294.1548156738281), 70.16134643554688)","((1426.24609375, 1548.833740234375), (408.7220153808594, 291.5853576660156), 84.5596694946289)","((1829.0, 1683.5), (282.0, 343.0), 0.0)","((2396.484375, 2160.376953125), (264.0927429199219, 308.24688720703125), 19.440034866333008)"
61,"((1652.3245849609375, 422.2891540527344), (289.1372375488281, 378.9137268066406), 1.0809242725372314)","((1304.328369140625, 282.807861328125), (276.62347412109375, 457.8720397949219), 6.290670871734619)","((855.0, 348.5), (250.0, 355.0), 0.0)","((370.0, 696.5), (270.0, 337.0), 0.0)",SITE1_022_handImaging_2020-09-10_20.26.44.jpg,"((738.9412841796875, 459.38897705078125), (237.80223083496094, 237.34634399414062), 80.25140380859375)","((1194.3612060546875, 305.0557861328125), (233.58799743652344, 272.6661682128906), 3.1080305576324463)","((1477.0010986328125, 387.8931884765625), (206.41748046875, 248.22134399414062), 0.5562521815299988)","((1975.4111328125, 722.6411743164062), (208.6898651123047, 257.27789306640625), 26.952178955078125)"
62,"((1834.5, 1897.0), (470.0, 329.0), 90.0)","((1325.5, 1696.0), (335.0, 506.0), 0.0)","((884.0, 1852.5), (306.0, 473.0), 0.0)","((258.60797119140625, 2333.2724609375), (410.2005310058594, 309.85272216796875), 83.71749877929688)",SITE2_024_handImaging_2020-12-29_15.49.14.jpg,"((1140.9229736328125, 1916.3917236328125), (288.0776062011719, 359.25604248046875), 0.40491047501564026)","((1653.6376953125, 1785.59765625), (280.0423278808594, 400.9635009765625), 1.6483443975448608)","((2062.5, 1951.5), (395.0, 265.0), 90.0)","((2526.927978515625, 2447.580810546875), (252.5686492919922, 370.03839111328125), 4.969740390777588)"
63,"((1676.8984375, 433.879638671875), (282.2524108886719, 230.9395294189453), 88.96308898925781)","((1225.5, 225.5), (305.0, 225.0), 90.0)","((892.0, 336.0), (320.0, 216.0), 90.0)","((342.2956237792969, 698.287353515625), (280.0745849609375, 231.35267639160156), 71.04576873779297)",SITE1_017_handImaging_2020-09-02_17.04.44.jpg,"((733.6920776367188, 593.029052734375), (307.3890380859375, 220.59202575683594), 88.10884094238281)","((1117.5, 394.0), (215.0, 300.0), 0.0)","((1473.0, 475.5), (220.0, 297.0), 0.0)","((1920.83837890625, 756.2528076171875), (200.8964385986328, 218.26895141601562), 15.172913551330566)"
64,"((2101.564697265625, 1845.744384765625), (381.21026611328125, 452.9688720703125), 7.815293312072754)","((1507.563232421875, 1521.1053466796875), (457.2713928222656, 396.0404968261719), 85.05699157714844)","((1025.0, 1614.9998779296875), (379.99993896484375, 503.99993896484375), 0.0)","((244.8173065185547, 2071.250244140625), (430.9749450683594, 370.72412109375), 80.37474822998047)",SITE2_004_handImaging_2020-09-02_18.07.14.jpg,"((882.1000366210938, 1731.2998046875), (354.8075256347656, 293.4593200683594), 71.56504821777344)","((1397.0367431640625, 1472.1707763671875), (404.3004150390625, 288.866455078125), 85.03025817871094)","((1785.5081787109375, 1542.183349609375), (407.7501220703125, 295.4997253417969), 86.59722900390625)","((2411.89453125, 1879.052001953125), (275.32012939453125, 373.09356689453125), 12.217942237854004)"
65,"((239.1955108642578, 967.3612670898438), (159.4146728515625, 241.20736694335938), 87.62394714355469)","((772.7010498046875, 667.8724975585938), (240.54165649414062, 232.25860595703125), 0.47745373845100403)","((1201.65283203125, 626.1401977539062), (263.3786926269531, 296.1014404296875), 3.5214531421661377)","((1677.3226318359375, 811.761474609375), (283.2136535644531, 329.8713684082031), 11.105743408203125)",SITE1_022_handImaging_2021-11-11_20.18.08.jpg,"((738.6892700195312, 494.99346923828125), (221.1444549560547, 261.1551208496094), 88.02507019042969)","((1199.421630859375, 376.8619384765625), (251.36651611328125, 276.28204345703125), 0.45653036236763)","((1673.366455078125, 479.31634521484375), (235.12867736816406, 253.84939575195312), 9.756360054016113)","((2157.10791015625, 834.2791137695312), (242.577392578125, 233.78372192382812), 22.407445907592773)"
66,"((1784.899169921875, 534.016845703125), (327.3974609375, 335.14959716796875), 87.63674926757812)","((1176.0, 242.5), (314.0, 359.0), 0.0)","((716.9865112304688, 387.5223083496094), (307.3375244140625, 304.2126770019531), 67.97694396972656)","((348.85894775390625, 750.698486328125), (275.4718933105469, 289.6709899902344), 0.6365935802459717)",SITE2_030_handImaging_2021-10-06_20.57.12.jpg,"((573.0724487304688, 591.4171142578125), (303.4730529785156, 293.5629577636719), 76.67547607421875)","((1098.0, 346.0), (330.0, 264.0), 90.0)","((1544.5, 467.5), (291.0, 235.0), 90.0)","((1976.250732421875, 817.3372802734375), (255.91268920898438, 272.6578369140625), 14.705272674560547)"
67,"((1296.938720703125, 666.4154052734375), (231.46881103515625, 267.2107849121094), 0.5070289969444275)","((857.5, 534.0), (245.0, 286.0), 0.0)","((524.0, 631.5), (205.99996948242188, 264.99993896484375), 0.0)","((162.35885620117188, 958.8238525390625), (207.0113067626953, 204.1769256591797), 69.71744537353516)",SITE1_048_handImaging_2021-11-17_18.34.59.jpg,"((1108.0, 898.0), (185.99996948242188, 221.99996948242188), 0.0)","((1402.1904296875, 788.2304077148438), (186.1627197265625, 237.58612060546875), 0.6700955033302307)","((1716.388916015625, 913.7619018554688), (195.79949951171875, 244.7610321044922), 0.6700954437255859)","((2148.701171875, 1327.9307861328125), (207.75885009765625, 223.89581298828125), 44.782142639160156)"
68,"((1752.3238525390625, 864.3023681640625), (244.05967712402344, 352.6647033691406), 13.5704345703125)","((1295.076416015625, 612.9443359375), (233.9977264404297, 333.4769592285156), 5.1021647453308105)","((690.8572387695312, 719.6712646484375), (289.87744140625, 217.8624267578125), 83.86274719238281)","((187.6727294921875, 1100.4189453125), (268.9462585449219, 212.6904296875), 64.83212280273438)",SITE1_030_handImaging_2021-11-17_15.36.02.jpg,"((834.711181640625, 790.353515625), (579.724609375, 300.93585205078125), 87.01853942871094)","((1286.678955078125, 527.7992553710938), (411.2577819824219, 281.0384521484375), 89.76614379882812)","((1798.620361328125, 670.6174926757812), (264.9307861328125, 339.6292419433594), 2.7791666984558105)","((2114.894775390625, 1336.450927734375), (321.1505126953125, 790.8445434570312), 55.21998596191406)"
69,"((1958.52685546875, 1526.268798828125), (238.25088500976562, 327.7840576171875), 15.388466835021973)","((1439.0604248046875, 1257.3089599609375), (232.23312377929688, 353.8567810058594), 1.576550006866455)","((1000.0, 1372.9998779296875), (211.99996948242188, 303.99993896484375), -0.0)","((420.1613464355469, 1801.991943359375), (329.83941650390625, 209.56588745117188), 76.125)",SITE1_007_handImaging_2020-02-27_21.01.32.jpg,"((841.1215209960938, 1639.3516845703125), (309.2154235839844, 212.91207885742188), 77.7047348022461)","((1326.9998779296875, 1448.9998779296875), (195.99996948242188, 299.99993896484375), -0.0)","((1711.1640625, 1593.4091796875), (189.86920166015625, 277.2553405761719), 0.622755765914917)","((2167.210205078125, 2029.703857421875), (182.1032257080078, 295.87451171875), 26.906089782714844)"
70,"((731.7830200195312, 571.0093994140625), (214.69454956054688, 274.3089904785156), 15.945395469665527)","((999.0012817382812, 380.104248046875), (231.79556274414062, 515.9266967773438), 10.271003723144531)","((995.0792846679688, 404.6012878417969), (232.61721801757812, 564.8310546875), 8.045050621032715)","((1584.5299072265625, 537.578369140625), (284.7682800292969, 652.26611328125), 15.631234169006348)",SITE1_019_handImaging_2020-09-02_20.43.53.jpg,"((858.0, 461.5), (279.0, 216.0), 90.0)","((1157.6005859375, 279.0095520019531), (195.7679443359375, 316.2229919433594), 56.428680419921875)","((1461.339111328125, 358.7926330566406), (298.226806640625, 126.87380981445312), 49.136383056640625)","((1705.2708740234375, 623.0198974609375), (191.4024658203125, 241.07505798339844), 1.035353183746338)"
71,"((1509.83935546875, 400.2186279296875), (196.54541015625, 285.708251953125), 5.339237213134766)","((1137.5, 246.5), (197.0, 289.0), 0.0)","((694.027099609375, 379.19195556640625), (276.05987548828125, 192.49142456054688), 84.70991516113281)","((352.20001220703125, 711.5999755859375), (259.3067626953125, 176.45509338378906), 71.56504821777344)",SITE2_007_handImaging_2020-09-23_19.40.05.jpg,"((736.3873291015625, 402.41351318359375), (288.6247863769531, 223.65292358398438), 87.09808349609375)","((1194.9588623046875, 262.8841247558594), (222.94337463378906, 348.96282958984375), 5.6359405517578125)","((1533.020263671875, 395.39404296875), (204.135009765625, 284.9845886230469), 3.893707752227783)","((1938.4228515625, 756.642578125), (195.9498291015625, 284.272705078125), 18.634584426879883)"
72,"((1725.113525390625, 1772.5584716796875), (231.09716796875, 313.3914489746094), 5.440331935882568)","((1212.8658447265625, 1593.24462890625), (327.26129150390625, 230.1595001220703), 85.6982421875)","((811.7816772460938, 1753.42529296875), (326.7332458496094, 223.53643798828125), 83.37596130371094)","((307.0733337402344, 2206.28564453125), (290.2061767578125, 217.8565216064453), 69.74674987792969)",SITE2_023_handImaging_2020-12-23_19.20.26.jpg,"((1016.099853515625, 1876.3424072265625), (431.6219177246094, 310.22320556640625), 84.9252700805664)","((1509.0, 1616.5), (300.0, 473.0), 0.0)","((1998.5, 1730.5), (277.0, 391.0), 0.0)","((2500.0, 2214.0), (322.0, 426.0), 0.0)"
73,"((1623.683349609375, 472.4867248535156), (170.4710235595703, 266.8281555175781), 6.483074188232422)","((1369.5487060546875, 331.01904296875), (166.91586303710938, 304.0244140625), 7.305759906768799)","((1098.681396484375, 418.41717529296875), (154.53057861328125, 258.66143798828125), 10.17551040649414)","((734.0938110351562, 692.8055419921875), (226.4087677001953, 139.1114959716797), 85.15599822998047)",SITE1_009_handImaging_2020-07-29_21.21.21.jpg,"((854.6978149414062, 405.90118408203125), (225.82632446289062, 142.0476531982422), 89.34893798828125)","((1117.9798583984375, 328.26727294921875), (302.4269714355469, 163.64385986328125), 87.32457733154297)","((1411.5, 487.5), (271.0, 167.0), 90.0)","((1657.0, 772.5), (225.0, 148.0), 90.0)"
74,"((91.0, 704.5), (182.0, 305.0), 0.0)","((1208.5, 275.0), (550.0, 299.0), 90.0)","((1668.2249755859375, 735.6931762695312), (451.325439453125, 1147.412353515625), 27.826332092285156)","((1728.9713134765625, 613.4633178710938), (334.63714599609375, 932.6944580078125), 13.60747241973877)",SITE1_021_handImaging_2020-09-09_20.44.41.jpg,"((554.669921875, 419.2395935058594), (364.39129638671875, 288.69671630859375), 80.85291290283203)","((1247.5, 191.5), (289.0, 383.0), 0.0)","((1653.04443359375, 272.89532470703125), (432.399658203125, 265.922607421875), 87.44384765625)","((2268.36376953125, 670.34521484375), (269.6130676269531, 328.1208801269531), 16.015439987182617)"
75,"((1733.3004150390625, 423.1187438964844), (258.8665466308594, 277.3628845214844), 14.264512062072754)","((1321.0, 227.0), (278.0, 230.0), 90.0)","((992.1176147460938, 372.2466735839844), (223.4113311767578, 321.37200927734375), 5.8263421058654785)","((566.1157836914062, 691.6130981445312), (201.7760772705078, 200.77610778808594), 0.5700884461402893)",SITE1_027_handImaging_2020-10-14_02.56.06.jpg,"((1252.4998779296875, 275.9999694824219), (240.99996948242188, 415.99993896484375), -0.0)","((1252.4998779296875, 223.49996948242188), (240.99996948242188, 310.99993896484375), -0.0)","((1571.0, 357.0), (230.0, 304.0), 0.0)","((1898.730712890625, 677.212158203125), (199.89718627929688, 217.0614013671875), 87.31202697753906)"
76,"((1708.1690673828125, 349.3656005859375), (251.5446014404297, 263.8135070800781), 8.47114372253418)","((1240.0, 195.5), (275.0, 236.0), 90.0)","((853.716064453125, 319.75006103515625), (298.9244079589844, 232.81593322753906), 81.71420288085938)","((243.23788452148438, 794.6224975585938), (313.6141357421875, 228.0057373046875), 59.834991455078125)",SITE2_015_handImaging_2020-11-11_18.18.05.jpg,"((865.860595703125, 415.4862060546875), (319.7548828125, 238.77455139160156), 77.19573211669922)","((1211.2193603515625, 277.0565185546875), (314.18084716796875, 244.8147735595703), 80.3718490600586)","((1827.800048828125, 380.5999755859375), (218.1971435546875, 284.6049499511719), 18.434947967529297)","((2286.248046875, 827.750244140625), (217.77764892578125, 284.0848083496094), 36.80748748779297)"
77,"((2008.3240966796875, 1817.409912109375), (237.12840270996094, 322.3235778808594), 15.564583778381348)","((1608.5218505859375, 1644.1671142578125), (222.96009826660156, 348.4558410644531), 6.959422588348389)","((1265.5706787109375, 1777.20166015625), (196.80322265625, 311.5005187988281), 6.095861434936523)","((742.7839965820312, 2129.98974609375), (297.5924377441406, 192.35491943359375), 87.94235229492188)",SITE2_008_handImaging_2020-10-07_20.31.36.jpg,"((976.1881713867188, 1724.84716796875), (353.5966491699219, 274.85089111328125), 77.47119140625)","((1434.2054443359375, 1549.407958984375), (377.2392578125, 281.39892578125), 82.56858825683594)","((1866.0, 1688.5), (365.0, 254.0), 90.0)","((2287.5068359375, 2068.805419921875), (237.43699645996094, 308.26568603515625), 7.844695568084717)"
78,"((2016.546875, 1802.3587646484375), (341.46875, 438.67724609375), 7.606297969818115)","((1465.5, 1578.0), (420.0, 305.0), 90.0)","((1010.5, 1737.5), (305.0, 439.0), 0.0)","((570.2700805664062, 2123.263671875), (374.578369140625, 285.0139465332031), 87.22083282470703)",SITE2_021_handImaging_2020-12-09_21.17.48.jpg,"((963.4571533203125, 1889.63916015625), (423.12060546875, 322.23431396484375), 75.44461822509766)","((1548.7674560546875, 1631.2603759765625), (434.47467041015625, 289.05047607421875), 89.80036163330078)","((1949.3033447265625, 1739.719970703125), (385.62066650390625, 271.9982604980469), 89.79240417480469)","((2521.3720703125, 2147.976318359375), (245.84222412109375, 368.9759216308594), 9.074758529663086)"
79,"((1950.535400390625, 1732.1632080078125), (276.64312744140625, 409.0082702636719), 1.5131216049194336)","((1543.5, 1550.5), (421.0, 253.0), 90.0)","((1183.5, 1642.5), (247.0, 433.0), 0.0)","((577.0465087890625, 2036.8096923828125), (374.941650390625, 246.14332580566406), 73.6681900024414)",SITE2_018_handImaging_2020-11-12_16.48.00.jpg,"((910.379150390625, 1726.494873046875), (394.9298095703125, 305.6654357910156), 80.63761138916016)","((1404.3330078125, 1534.1502685546875), (458.96099853515625, 292.2301025390625), 88.60282135009766)","((1833.8316650390625, 1630.530517578125), (491.923095703125, 275.3801574707031), 87.37359619140625)","((2586.05908203125, 2106.2646484375), (260.24072265625, 402.12408447265625), 14.03624439239502)"
80,"((1937.0311279296875, 1660.1767578125), (252.07191467285156, 394.6229553222656), 12.407419204711914)","((1321.5, 1487.0), (241.0, 410.0), 0.0)","((689.0836791992188, 1700.4383544921875), (407.77362060546875, 246.95640563964844), 73.40809631347656)","((247.66526794433594, 2240.111328125), (359.9028015136719, 238.66453552246094), 62.253761291503906)",SITE1_002_handImaging_2020-02-20_21.21.04.jpg,"((681.6914672851562, 1699.5478515625), (325.906494140625, 253.5223388671875), 72.58203125)","((1340.9998779296875, 1524.9998779296875), (223.99996948242188, 417.99993896484375), -0.0)","((1916.7230224609375, 1712.23193359375), (222.71563720703125, 374.2778015136719), 11.853004455566406)","((2344.314453125, 2182.92041015625), (207.10989379882812, 342.70404052734375), 28.442928314208984)"
81,,,,,SITE1_033_handImaging_2021-01-27_18.25.40.jpg,"((757.405517578125, 449.93243408203125), (362.992919921875, 254.98280334472656), 80.53767395019531)","((1281.0926513671875, 204.886962890625), (430.21868896484375, 276.2937927246094), 85.12860870361328)","((1887.7633056640625, 303.4536437988281), (258.00347900390625, 490.89068603515625), 7.775433540344238)","((2360.5, 776.5), (361.0, 171.0), 90.0)"
82,,,,,SITE1_023_handImaging_2020-09-16_16.39.44.jpg,"((773.525390625, 593.8937377929688), (363.9957580566406, 265.52996826171875), 78.77931213378906)","((1219.200439453125, 426.1596984863281), (406.22857666015625, 265.2273254394531), 82.65472412109375)","((1797.2650146484375, 606.8597412109375), (259.4459228515625, 354.48504638671875), 0.48761191964149475)","((2286.22509765625, 932.646484375), (251.57591247558594, 302.8825988769531), 10.589570045471191)"
83,,,,,SITE1_045_handImaging_2021-11-10_19.46.06.jpg,"((465.75830078125, 813.7797241210938), (328.9056701660156, 312.9104919433594), 74.53878784179688)","((1035.9658203125, 613.2315063476562), (274.03045654296875, 406.18438720703125), 3.142495632171631)","((1357.4998779296875, 671.5), (254.99996948242188, 344.99993896484375), -0.0)","((1862.8956298828125, 1048.8089599609375), (252.00379943847656, 361.0670166015625), 9.01932144165039)"
